Number,Date,
111,01/01/2020,200
112,02/01/2020,201
113,03/01/2020,202
114,04/01/2020,203
115,05/01/2020,204
116,06/01/2020,205
117,07/01/2020,206
118,08/01/2020,207
119,09/01/2020,208
120,10/01/2020,209
121,11/01/2020,210
122,12/01/2020,211
123,13/01/2020,212
124,14/01/2020,213
125,15/01/2020,214
126,16/01/2020,215
127,17/01/2020,216
128,18/01/2020,217
129,19/01/2020,218
130,20/01/2020,219
131,21/01/2020,220
132,22/01/2020,221
133,23/01/2020,222
134,24/01/2020,223
135,25/01/2020,224
136,26/01/2020,225
137,27/01/2020,226
138,28/01/2020,227
139,29/01/2020,228
140,30/01/2020,229
141,31/01/2020,230
142,01/02/2020,231
143,02/02/2020,232
144,03/02/2020,233
145,04/02/2020,234
146,05/02/2020,235
147,06/02/2020,236
148,07/02/2020,237
149,08/02/2020,238
150,09/02/2020,239
151,10/02/2020,240
152,11/02/2020,241
153,12/02/2020,242
154,13/02/2020,243
155,14/02/2020,244
156,15/02/2020,245
157,16/02/2020,246
158,17/02/2020,247
159,18/02/2020,248
160,19/02/2020,249
161,20/02/2020,200
162,21/02/2020,201
163,22/02/2020,202
164,23/02/2020,203
165,24/02/2020,204
166,25/02/2020,205
167,26/02/2020,206
168,27/02/2020,207
169,28/02/2020,208
170,29/02/2020,209
171,01/03/2020,210
172,02/03/2020,211
173,03/03/2020,212
174,04/03/2020,213
175,05/03/2020,214
176,06/03/2020,215
177,07/03/2020,216
178,08/03/2020,217
179,09/03/2020,218
180,10/03/2020,219
181,11/03/2020,220
182,12/03/2020,221
183,13/03/2020,222
184,14/03/2020,223
185,15/03/2020,224
186,16/03/2020,225
187,17/03/2020,226
188,18/03/2020,227
189,19/03/2020,228
190,20/03/2020,229
191,21/03/2020,230
192,22/03/2020,231
193,23/03/2020,232
194,24/03/2020,233
195,25/03/2020,234
196,26/03/2020,235
197,27/03/2020,236
198,28/03/2020,237
199,29/03/2020,238
200,30/03/2020,239
201,31/03/2020,240
202,01/04/2020,241
203,02/04/2020,242
204,03/04/2020,243
205,04/04/2020,244
206,05/04/2020,245
207,06/04/2020,246
208,07/04/2020,247
209,08/04/2020,248
210,09/04/2020,249
211,10/04/2020,200
212,11/04/2020,201
213,12/04/2020,202
214,13/04/2020,203
215,14/04/2020,204
216,15/04/2020,205
217,16/04/2020,206
218,17/04/2020,207
219,18/04/2020,208
220,19/04/2020,209
221,20/04/2020,210
222,21/04/2020,211
223,22/04/2020,212
224,23/04/2020,213
225,24/04/2020,214
226,25/04/2020,215
227,26/04/2020,216
228,27/04/2020,217
229,28/04/2020,218
230,29/04/2020,219
231,30/04/2020,220
232,01/05/2020,221
233,02/05/2020,222
234,03/05/2020,223
235,04/05/2020,224
236,05/05/2020,225
237,06/05/2020,226
238,07/05/2020,227
239,08/05/2020,228
240,09/05/2020,229
241,10/05/2020,230
242,11/05/2020,231
243,12/05/2020,232
244,13/05/2020,233
245,14/05/2020,234
246,15/05/2020,235
247,16/05/2020,236
248,17/05/2020,237
249,18/05/2020,238
250,19/05/2020,239
251,20/05/2020,240
252,21/05/2020,241
253,22/05/2020,242
254,23/05/2020,243
255,24/05/2020,244
256,25/05/2020,245
257,26/05/2020,246
258,27/05/2020,247
259,28/05/2020,248
260,29/05/2020,249
261,30/05/2020,200
262,31/05/2020,201
263,01/06/2020,202
264,02/06/2020,203
265,03/06/2020,204
266,04/06/2020,205
267,05/06/2020,206
268,06/06/2020,207
269,07/06/2020,208
270,08/06/2020,209
271,09/06/2020,210
272,10/06/2020,211
273,11/06/2020,212
274,12/06/2020,213
275,13/06/2020,214
276,14/06/2020,215
277,15/06/2020,216
278,16/06/2020,217
279,17/06/2020,218
280,18/06/2020,219
281,19/06/2020,220
282,20/06/2020,221
283,21/06/2020,222
284,22/06/2020,223
285,23/06/2020,224
286,24/06/2020,225
287,25/06/2020,226
288,26/06/2020,227
289,27/06/2020,228
290,28/06/2020,229
291,29/06/2020,230
292,30/06/2020,231
293,01/07/2020,232
294,02/07/2020,233
295,03/07/2020,234
296,04/07/2020,235
297,05/07/2020,236
298,06/07/2020,237
299,07/07/2020,238
300,08/07/2020,239
301,09/07/2020,240
302,10/07/2020,241
303,11/07/2020,242
304,12/07/2020,243
305,13/07/2020,244
306,14/07/2020,245
307,15/07/2020,246
308,16/07/2020,247
309,17/07/2020,248
310,18/07/2020,249
311,19/07/2020,200
312,20/07/2020,201
313,21/07/2020,202
314,22/07/2020,203
315,23/07/2020,204
316,24/07/2020,205
317,25/07/2020,206
318,26/07/2020,207
319,27/07/2020,208
320,28/07/2020,209
321,29/07/2020,210
322,30/07/2020,211
323,31/07/2020,212
324,01/08/2020,213
325,02/08/2020,214
326,03/08/2020,215
327,04/08/2020,216
328,05/08/2020,217
329,06/08/2020,218
330,07/08/2020,219
331,08/08/2020,220
332,09/08/2020,221
333,10/08/2020,222
334,11/08/2020,223
335,12/08/2020,224
336,13/08/2020,225
337,14/08/2020,226
338,15/08/2020,227
339,16/08/2020,228
340,17/08/2020,229
341,18/08/2020,230
342,19/08/2020,231
343,20/08/2020,232
344,21/08/2020,233
345,22/08/2020,234
346,23/08/2020,235
347,24/08/2020,236
348,25/08/2020,237
349,26/08/2020,238
350,27/08/2020,239
351,28/08/2020,240
352,29/08/2020,241
353,30/08/2020,242
354,31/08/2020,243
355,01/09/2020,244
356,02/09/2020,245
357,03/09/2020,246
358,04/09/2020,247
359,05/09/2020,248
360,06/09/2020,249
361,07/09/2020,200
362,08/09/2020,201
363,09/09/2020,202
364,10/09/2020,203
365,11/09/2020,204
366,12/09/2020,205
367,13/09/2020,206
368,14/09/2020,207
369,15/09/2020,208
370,16/09/2020,209
371,17/09/2020,210
372,18/09/2020,211
373,19/09/2020,212
374,20/09/2020,213
375,21/09/2020,214
376,22/09/2020,215
377,23/09/2020,216
378,24/09/2020,217
379,25/09/2020,218
380,26/09/2020,219
381,27/09/2020,220
382,28/09/2020,221
383,29/09/2020,222
384,30/09/2020,223
385,01/10/2020,224
386,02/10/2020,225
387,03/10/2020,226
388,04/10/2020,227
389,05/10/2020,228
390,06/10/2020,229
391,07/10/2020,230
392,08/10/2020,231
393,09/10/2020,232
394,10/10/2020,233
395,11/10/2020,234
396,12/10/2020,235
397,13/10/2020,236
398,14/10/2020,237
399,15/10/2020,238
400,16/10/2020,239
401,17/10/2020,240
402,18/10/2020,241
403,19/10/2020,242
404,20/10/2020,243
405,21/10/2020,244
406,22/10/2020,245
407,23/10/2020,246
408,24/10/2020,247
409,25/10/2020,248
410,26/10/2020,249
411,27/10/2020,200
412,28/10/2020,201
413,29/10/2020,202
414,30/10/2020,203
415,31/10/2020,204
416,01/11/2020,205
417,02/11/2020,206
418,03/11/2020,207
419,04/11/2020,208
420,05/11/2020,209
421,06/11/2020,210
422,07/11/2020,211
423,08/11/2020,212
424,09/11/2020,213
425,10/11/2020,214
426,11/11/2020,215
427,12/11/2020,216
428,13/11/2020,217
429,14/11/2020,218
430,15/11/2020,219
431,16/11/2020,220
432,17/11/2020,221
433,18/11/2020,222
434,19/11/2020,223
435,20/11/2020,224
436,21/11/2020,225
437,22/11/2020,226
438,23/11/2020,227
439,24/11/2020,228
440,25/11/2020,229
441,26/11/2020,230
442,27/11/2020,231
443,28/11/2020,232
444,29/11/2020,233
445,30/11/2020,234
446,01/12/2020,235
447,02/12/2020,236
448,03/12/2020,237
449,04/12/2020,238
450,05/12/2020,239
451,06/12/2020,240
452,07/12/2020,241
453,08/12/2020,242
454,09/12/2020,243
455,10/12/2020,244
456,11/12/2020,245
457,12/12/2020,246
458,13/12/2020,247
459,14/12/2020,248
460,15/12/2020,249
461,16/12/2020,200
462,17/12/2020,201
463,18/12/2020,202
464,19/12/2020,203
465,20/12/2020,204
466,21/12/2020,205
467,22/12/2020,206
468,23/12/2020,207
469,24/12/2020,208
470,25/12/2020,209
471,26/12/2020,210
472,27/12/2020,211
473,28/12/2020,212
474,29/12/2020,213
475,30/12/2020,214
476,31/12/2020,215
477,01/01/2021,216
478,02/01/2021,217
479,03/01/2021,218
480,04/01/2021,219
481,05/01/2021,220
482,06/01/2021,221
483,07/01/2021,222
484,08/01/2021,223
485,09/01/2021,224
486,10/01/2021,225
487,11/01/2021,226
488,12/01/2021,227
489,13/01/2021,228
490,14/01/2021,229
491,15/01/2021,230
492,16/01/2021,231
493,17/01/2021,232
494,18/01/2021,233
495,19/01/2021,234
496,20/01/2021,235
497,21/01/2021,236
498,22/01/2021,237
499,23/01/2021,238
500,24/01/2021,239
501,25/01/2021,240
502,26/01/2021,241
503,27/01/2021,242
504,28/01/2021,243
505,29/01/2021,244
506,30/01/2021,245
507,31/01/2021,246
508,01/02/2021,247
509,02/02/2021,248
510,03/02/2021,249
